algo,input,n,seconds,comps,moves
hybrid,random,10000,0.000000000,159812,223385
hybrid,random,50000,0.000000000,1045480,1374083
hybrid,random,100000,0.000000000,2081939,3135007
